id,firstName,lastName
1,Lokesh,Gupta
2,Amit,Mishra
3,Pankaj,Kumar
4,David,Miller
5,Lokesh,Gupta2
6,Amit,Mishra2
7,Pankaj,Kumar2
8,David,Miller2
9,Lokesh,Gupta3
10,Amit,Mishra3
11,Pankaj,Kumar3
12,David,Miller3
13,Lokesh,Gupta4
14,Amit,Mishra4
15,Pankaj,Kumar4
16,David,Miller4
17,Lokesh,Gupta5
18,Amit,Mishra5
19,Pankaj,Kumar5
20,David,Miller5
21,Lokesh,Gupta6
22,Amit,Mishra6
23,Pankaj,Kumar6
24,David,Miller6
25,Lokesh,Gupta7
26,Amit,Mishra7
27,Pankaj,Kumar7
28,David,Miller7
29,Lokesh,Gupta8
30,Amit,Mishra8
31,Pankaj,Kumar8
32,David,Miller8
33,Lokesh,Gupta9
34,Amit,Mishra9
35,Pankaj,Kumar9
36,David,Miller9
37,Lokesh,Gupta10
38,Amit,Mishra10
39,Pankaj,Kumar10
40,David,Miller10
41,Lokesh,Gupta11
42,Amit,Mishra11
43,Pankaj,Kumar11
44,David,Miller11
45,Lokesh,Gupta12
46,Amit,Mishra12
47,Pankaj,Kumar12
48,David,Miller12
49,Lokesh,Gupta13
50,Amit,Mishra13
51,Pankaj,Kumar14
52,David,Miller14
53,Lokesh,Gupta14
54,Amit,Mishra14
55,Pankaj,Kumar15
56,David,Miller15
57,Lokesh,Gupta15
58,Amit,Mishra15
59,Pankaj,Kumar16
60,David,Miller16
61,Lokesh,Gupta16
62,Amit,Mishra16
63,Pankaj,Kumar17
64,David,Miller17